run_id,timestamp,severity,category,entity_id,message,suggested_action
phase5_trading_reconciliation_sample,2026-09-28 14:41:03.407916+00:00,low,fleet_data,DEPOT_A-EV-001,Charging window rounded to half-hour boundaries.,Review if 10 minutes of rounded time materially affects readiness.
phase5_trading_reconciliation_sample,2026-09-28 14:41:03.439879+00:00,low,fleet_data,DEPOT_A-EV-002,Charging window rounded to half-hour boundaries.,Review if 25 minutes of rounded time materially affects readiness.
phase5_trading_reconciliation_sample,2026-09-28 14:41:03.466188+00:00,low,fleet_data,DEPOT_A-EV-003,Charging window rounded to half-hour boundaries.,Review if 30 minutes of rounded time materially affects readiness.
phase5_trading_reconciliation_sample,2026-09-28 14:41:03.502609+00:00,low,fleet_data,DEPOT_A-EV-004,Charging window rounded to half-hour boundaries.,Review if 25 minutes of rounded time materially affects readiness.
phase5_trading_reconciliation_sample,2026-09-28 14:41:03.534331+00:00,low,fleet_data,DEPOT_A-EV-005,Charging window rounded to half-hour boundaries.,Review if 15 minutes of rounded time materially affects readiness.
phase5_trading_reconciliation_sample,2026-09-28 14:41:03.562586+00:00,low,fleet_data,DEPOT_A-EV-006,Charging window rounded to half-hour boundaries.,Review if 30 minutes of rounded time materially affects readiness.
phase5_trading_reconciliation_sample,2026-09-28 14:41:03.582276+00:00,low,fleet_data,DEPOT_A-EV-007,Charging window rounded to half-hour boundaries.,Review if 15 minutes of rounded time materially affects readiness.
phase5_trading_reconciliation_sample,2026-09-28 14:41:03.610336+00:00,low,fleet_data,DEPOT_A-EV-008,Charging window rounded to half-hour boundaries.,Review if 20 minutes of rounded time materially affects readiness.
phase5_trading_reconciliation_sample,2026-09-28 14:41:03.630136+00:00,low,fleet_data,DEPOT_A-EV-009,Charging window rounded to half-hour boundaries.,Review if 50 minutes of rounded time materially affects readiness.
phase5_trading_reconciliation_sample,2026-09-28 14:41:03.653408+00:00,low,fleet_data,DEPOT_A-EV-010,Charging window rounded to half-hour boundaries.,Review if 10 minutes of rounded time materially affects readiness.
phase5_trading_reconciliation_sample,2026-09-28 14:41:03.678765+00:00,low,fleet_data,DEPOT_A-EV-011,Charging window rounded to half-hour boundaries.,Review if 40 minutes of rounded time materially affects readiness.
phase5_trading_reconciliation_sample,2026-09-28 14:41:03.706444+00:00,low,fleet_data,DEPOT_A-EV-012,Charging window rounded to half-hour boundaries.,Review if 15 minutes of rounded time materially affects readiness.
phase5_trading_reconciliation_sample,2026-09-28 14:41:03.727735+00:00,low,fleet_data,DEPOT_A-EV-013,Charging window rounded to half-hour boundaries.,Review if 50 minutes of rounded time materially affects readiness.
phase5_trading_reconciliation_sample,2026-09-28 14:41:03.754791+00:00,low,fleet_data,DEPOT_A-EV-014,Charging window rounded to half-hour boundaries.,Review if 25 minutes of rounded time materially affects readiness.
phase5_trading_reconciliation_sample,2026-09-28 14:41:03.774748+00:00,low,fleet_data,DEPOT_A-EV-015,Charging window rounded to half-hour boundaries.,Review if 20 minutes of rounded time materially affects readiness.
phase5_trading_reconciliation_sample,2026-09-28 14:41:03.794724+00:00,low,fleet_data,DEPOT_A-EV-016,Charging window rounded to half-hour boundaries.,Review if 35 minutes of rounded time materially affects readiness.
phase5_trading_reconciliation_sample,2026-09-28 14:41:03.812489+00:00,low,fleet_data,DEPOT_A-EV-017,Charging window rounded to half-hour boundaries.,Review if 15 minutes of rounded time materially affects readiness.
phase5_trading_reconciliation_sample,2026-09-28 14:41:03.832440+00:00,low,fleet_data,DEPOT_A-EV-018,Charging window rounded to half-hour boundaries.,Review if 35 minutes of rounded time materially affects readiness.
phase5_trading_reconciliation_sample,2026-09-28 14:41:03.859586+00:00,low,fleet_data,DEPOT_A-EV-019,Charging window rounded to half-hour boundaries.,Review if 25 minutes of rounded time materially affects readiness.
phase5_trading_reconciliation_sample,2026-09-28 14:41:03.886239+00:00,low,fleet_data,DEPOT_A-EV-020,Charging window rounded to half-hour boundaries.,Review if 50 minutes of rounded time materially affects readiness.
phase5_trading_reconciliation_sample,2026-09-28 14:41:03.905396+00:00,low,fleet_data,DEPOT_A-EV-021,Charging window rounded to half-hour boundaries.,Review if 25 minutes of rounded time materially affects readiness.
phase5_trading_reconciliation_sample,2026-09-28 14:41:03.919925+00:00,low,fleet_data,DEPOT_A-EV-022,Charging window rounded to half-hour boundaries.,Review if 20 minutes of rounded time materially affects readiness.
phase5_trading_reconciliation_sample,2026-09-28 14:41:03.934342+00:00,low,fleet_data,DEPOT_A-EV-023,Charging window rounded to half-hour boundaries.,Review if 10 minutes of rounded time materially affects readiness.
phase5_trading_reconciliation_sample,2026-09-28 14:41:03.953851+00:00,low,fleet_data,DEPOT_A-EV-024,Charging window rounded to half-hour boundaries.,Review if 30 minutes of rounded time materially affects readiness.
phase5_trading_reconciliation_sample,2026-09-28 14:41:04.010283+00:00,low,fleet_data,DEPOT_A-EV-001,Charging window rounded to half-hour boundaries.,Review if 10 minutes of rounded time materially affects readiness.
phase5_trading_reconciliation_sample,2026-09-28 14:41:04.056956+00:00,low,fleet_data,DEPOT_A-EV-002,Charging window rounded to half-hour boundaries.,Review if 25 minutes of rounded time materially affects readiness.
phase5_trading_reconciliation_sample,2026-09-28 14:41:04.080842+00:00,low,fleet_data,DEPOT_A-EV-003,Charging window rounded to half-hour boundaries.,Review if 30 minutes of rounded time materially affects readiness.
phase5_trading_reconciliation_sample,2026-09-28 14:41:04.115517+00:00,low,fleet_data,DEPOT_A-EV-004,Charging window rounded to half-hour boundaries.,Review if 25 minutes of rounded time materially affects readiness.
phase5_trading_reconciliation_sample,2026-09-28 14:41:04.145011+00:00,low,fleet_data,DEPOT_A-EV-005,Charging window rounded to half-hour boundaries.,Review if 15 minutes of rounded time materially affects readiness.
phase5_trading_reconciliation_sample,2026-09-28 14:41:04.171985+00:00,low,fleet_data,DEPOT_A-EV-006,Charging window rounded to half-hour boundaries.,Review if 30 minutes of rounded time materially affects readiness.
phase5_trading_reconciliation_sample,2026-09-28 14:41:04.191795+00:00,low,fleet_data,DEPOT_A-EV-007,Charging window rounded to half-hour boundaries.,Review if 15 minutes of rounded time materially affects readiness.
phase5_trading_reconciliation_sample,2026-09-28 14:41:04.220309+00:00,low,fleet_data,DEPOT_A-EV-008,Charging window rounded to half-hour boundaries.,Review if 20 minutes of rounded time materially affects readiness.
phase5_trading_reconciliation_sample,2026-09-28 14:41:04.240505+00:00,low,fleet_data,DEPOT_A-EV-009,Charging window rounded to half-hour boundaries.,Review if 50 minutes of rounded time materially affects readiness.
phase5_trading_reconciliation_sample,2026-09-28 14:41:04.263589+00:00,low,fleet_data,DEPOT_A-EV-010,Charging window rounded to half-hour boundaries.,Review if 10 minutes of rounded time materially affects readiness.
phase5_trading_reconciliation_sample,2026-09-28 14:41:04.289509+00:00,low,fleet_data,DEPOT_A-EV-011,Charging window rounded to half-hour boundaries.,Review if 40 minutes of rounded time materially affects readiness.
phase5_trading_reconciliation_sample,2026-09-28 14:41:04.317543+00:00,low,fleet_data,DEPOT_A-EV-012,Charging window rounded to half-hour boundaries.,Review if 15 minutes of rounded time materially affects readiness.
phase5_trading_reconciliation_sample,2026-09-28 14:41:04.339155+00:00,low,fleet_data,DEPOT_A-EV-013,Charging window rounded to half-hour boundaries.,Review if 50 minutes of rounded time materially affects readiness.
phase5_trading_reconciliation_sample,2026-09-28 14:41:04.366345+00:00,low,fleet_data,DEPOT_A-EV-014,Charging window rounded to half-hour boundaries.,Review if 25 minutes of rounded time materially affects readiness.
phase5_trading_reconciliation_sample,2026-09-28 14:41:04.386385+00:00,low,fleet_data,DEPOT_A-EV-015,Charging window rounded to half-hour boundaries.,Review if 20 minutes of rounded time materially affects readiness.
phase5_trading_reconciliation_sample,2026-09-28 14:41:04.406587+00:00,low,fleet_data,DEPOT_A-EV-016,Charging window rounded to half-hour boundaries.,Review if 35 minutes of rounded time materially affects readiness.
phase5_trading_reconciliation_sample,2026-09-28 14:41:04.424165+00:00,low,fleet_data,DEPOT_A-EV-017,Charging window rounded to half-hour boundaries.,Review if 15 minutes of rounded time materially affects readiness.
phase5_trading_reconciliation_sample,2026-09-28 14:41:04.444311+00:00,low,fleet_data,DEPOT_A-EV-018,Charging window rounded to half-hour boundaries.,Review if 35 minutes of rounded time materially affects readiness.
phase5_trading_reconciliation_sample,2026-09-28 14:41:04.471020+00:00,low,fleet_data,DEPOT_A-EV-019,Charging window rounded to half-hour boundaries.,Review if 25 minutes of rounded time materially affects readiness.
phase5_trading_reconciliation_sample,2026-09-28 14:41:04.498189+00:00,low,fleet_data,DEPOT_A-EV-020,Charging window rounded to half-hour boundaries.,Review if 50 minutes of rounded time materially affects readiness.
phase5_trading_reconciliation_sample,2026-09-28 14:41:04.517151+00:00,low,fleet_data,DEPOT_A-EV-021,Charging window rounded to half-hour boundaries.,Review if 25 minutes of rounded time materially affects readiness.
phase5_trading_reconciliation_sample,2026-09-28 14:41:04.531741+00:00,low,fleet_data,DEPOT_A-EV-022,Charging window rounded to half-hour boundaries.,Review if 20 minutes of rounded time materially affects readiness.
phase5_trading_reconciliation_sample,2026-09-28 14:41:04.546449+00:00,low,fleet_data,DEPOT_A-EV-023,Charging window rounded to half-hour boundaries.,Review if 10 minutes of rounded time materially affects readiness.
phase5_trading_reconciliation_sample,2026-09-28 14:41:04.566325+00:00,low,fleet_data,DEPOT_A-EV-024,Charging window rounded to half-hour boundaries.,Review if 30 minutes of rounded time materially affects readiness.
phase5_trading_reconciliation_sample,2026-09-28 14:41:04.705717+00:00,medium,meter_data,SP42,Reconciliation status: material_deviation.,"Review scheduled position, meter data, and operational disruption notes."
phase5_trading_reconciliation_sample,2026-09-28 14:41:04.705717+00:00,medium,meter_data,SP1,Reconciliation status: material_deviation.,"Review scheduled position, meter data, and operational disruption notes."
phase5_trading_reconciliation_sample,2026-09-28 14:41:04.705717+00:00,medium,meter_data,SP2,Reconciliation status: material_deviation.,"Review scheduled position, meter data, and operational disruption notes."
phase5_trading_reconciliation_sample,2026-09-28 14:41:04.705717+00:00,high,meter_data,SP3,Reconciliation status: missing_actual.,"Review scheduled position, meter data, and operational disruption notes."
phase5_trading_reconciliation_sample,2026-09-28 14:41:04.705717+00:00,medium,meter_data,SP5,Reconciliation status: material_deviation.,"Review scheduled position, meter data, and operational disruption notes."
phase5_trading_reconciliation_sample,2026-09-28 14:41:04.705717+00:00,high,meter_data,SP6,Reconciliation status: missing_actual.,"Review scheduled position, meter data, and operational disruption notes."
phase5_trading_reconciliation_sample,2026-09-28 14:41:04.705717+00:00,high,meter_data,SP7,Reconciliation status: missing_actual.,"Review scheduled position, meter data, and operational disruption notes."
phase5_trading_reconciliation_sample,2026-09-28 14:41:04.705717+00:00,medium,meter_data,SP8,Reconciliation status: material_deviation.,"Review scheduled position, meter data, and operational disruption notes."
phase5_trading_reconciliation_sample,2026-09-28 14:41:04.705717+00:00,medium,meter_data,SP9,Reconciliation status: material_deviation.,"Review scheduled position, meter data, and operational disruption notes."
phase5_trading_reconciliation_sample,2026-09-28 14:41:04.705717+00:00,high,meter_data,SP13,Reconciliation status: missing_actual.,"Review scheduled position, meter data, and operational disruption notes."
